CLAVE,NOMBRE,3,4,5,6,7,8,9,10,11,14,17,18,19,20,21,22,23,24,26,28,29,30,31
V01005,ANSOF  200 MG CAJA C/30 TABS,36.00,28.80,25.20,19.80,24.00,19.80,23.40,21.60,21.60,25.20,25.92,21.60,18.00,20.52,25.20,23.40,22.32,27.00,16.20,23.40,21.60,19.80,18.00
V01006,ARISTOCILIN 500 MG CAJA C/12 CAPS,37.26,37.06,26.08,20.49,24.84,20.49,24.22,22.36,22.36,26.08,26.83,22.36,18.63,21.24,26.08,24.22,23.10,27.95,16.77,24.22,22.36,20.49,18.63
V01007,ARISTOCILIN 500 MG CAJA C/24 CAPS,71.66,71.46,50.16,39.41,47.78,39.41,46.58,43.00,43.00,50.16,51.60,43.00,35.83,40.85,50.16,46.58,44.43,53.75,32.25,46.58,43.00,39.41,35.83
V01008,AXOFLANOL 400 MG CAJA C/20 TABS,99.00,98.80,69.30,54.45,66.00,54.45,64.35,59.40,59.40,69.30,71.28,59.40,49.50,56.43,69.30,64.35,61.38,74.25,44.55,64.35,59.40,54.45,49.50
V01009,CILONAXOL 5/30 MG CAJA C/10 TABS,41.75,41.55,29.22,22.96,27.83,22.96,27.14,25.05,25.05,29.22,30.06,25.05,20.87,23.80,29.22,27.14,25.88,31.31,18.79,27.14,25.05,22.96,20.87
V01010,CILORA 10 MG CAJA C/10 TABS,24.00,23.80,16.80,13.20,16.00,13.20,15.60,14.40,14.40,16.80,17.28,14.40,12.00,13.68,16.80,15.60,14.88,18.00,10.80,15.60,14.40,13.20,12.00
V01011,CILORA 10 MG CAJA C/20 TABS,32.00,31.80,22.40,17.60,21.33,17.60,20.80,19.20,19.20,22.40,23.04,19.20,16.00,18.24,22.40,20.80,19.84,24.00,14.40,20.80,19.20,17.60,16.00
V01013,CITRA- 50 50 MG CAJA C/10 TABS,57.33,57.13,40.13,31.53,38.22,31.53,37.26,34.40,34.40,40.13,41.28,34.40,28.67,32.68,40.13,37.26,35.54,43.00,25.80,37.26,34.40,31.53,28.67
V01018,CLORIXAN 200 MG CAJA C/20 TABS,80.26,80.06,56.18,44.14,53.51,44.14,52.17,48.16,48.16,56.18,57.79,48.16,40.13,45.75,56.18,52.17,49.76,60.20,36.12,52.17,48.16,44.14,40.13
V01024,DAZOR 100 MG CAJA C/12 CAPS,106.00,105.80,74.20,58.30,70.67,58.30,68.90,63.60,63.60,74.20,76.32,63.60,53.00,60.42,74.20,68.90,65.72,79.50,47.70,68.90,63.60,58.30,53.00
V01025,DEFLENOL 600 MG CAJA C/20 TABS,78.00,77.80,54.60,42.90,52.00,42.90,50.70,46.80,46.80,54.60,56.16,46.80,39.00,44.46,54.60,50.70,48.36,58.50,35.10,50.70,46.80,42.90,39.00
V01027,DIPERA 2 MG CAJA C/12 TABS,14.00,13.80,9.80,7.70,9.33,7.70,9.10,8.40,8.40,9.80,10.08,8.40,7.00,7.98,9.80,9.10,8.68,10.50,6.30,9.10,8.40,7.70,7.00
V01028,DIPROVIC 100 MG CAJA C/20 UNID,72.00,71.80,50.40,39.60,48.00,39.60,46.80,43.20,43.20,50.40,51.84,43.20,36.00,41.04,50.40,46.80,44.64,54.00,32.40,46.80,43.20,39.60,36.00
V01034,FLUMEDIL 10 MG CAJA C/30 TABS,50.00,49.80,35.00,27.50,33.34,27.50,32.50,30.00,30.00,35.00,36.00,30.00,25.00,28.50,35.00,32.50,31.00,37.50,22.50,32.50,30.00,27.50,25.00
V01037,INTERNOL 100 MG CAJA C/28 UNID,64.00,63.80,44.80,35.20,42.67,35.20,41.60,38.40,38.40,44.80,46.08,38.40,32.00,36.48,44.80,41.60,39.68,48.00,28.80,41.60,38.40,35.20,32.00
V01038,INTERNOL 50 MG CAJA C/28 UNID,38.00,37.80,26.60,20.90,25.33,20.90,24.70,22.80,22.80,26.60,27.36,22.80,19.00,21.66,26.60,24.70,23.56,28.50,17.10,24.70,22.80,20.90,19.00
V01039,IPYROL 25 MG CAJA C/30 TABS,44.00,43.80,30.80,24.20,29.33,24.20,28.60,26.40,26.40,30.80,31.68,26.40,22.00,25.08,30.80,28.60,27.28,33.00,19.80,28.60,26.40,24.20,22.00
V01040,IPYROL 50 MG CAJA C/30 TABS,68.00,67.80,47.60,37.40,45.34,37.40,44.20,40.80,40.80,47.60,48.96,40.80,34.00,38.76,47.60,44.20,42.16,51.00,30.60,44.20,40.80,37.40,34.00
V01041,KEPLOZOL 200 MG CAJA C/10 TABS,60.00,59.80,42.00,33.00,40.00,33.00,39.00,36.00,36.00,42.00,43.20,36.00,30.00,34.20,42.00,39.00,37.20,45.00,27.00,39.00,36.00,33.00,30.00
V01049,MEVICFOR 500 MG CAJA C/30 TABS,46.00,45.80,32.20,25.30,30.67,25.30,29.90,27.60,27.60,32.20,33.12,27.60,23.00,26.22,32.20,29.90,28.52,34.50,20.70,29.90,27.60,25.30,23.00
V01050,MEZELOL 100 MG CAJA C/20 TABS,34.00,33.80,23.80,18.70,22.67,18.70,22.10,20.40,20.40,23.80,24.48,20.40,17.00,19.38,23.80,22.10,21.08,25.50,15.30,22.10,20.40,18.70,17.00
V01051,MEZELOL 50 MG CAJA C/20 TABS,30.00,29.80,21.00,16.50,20.00,16.50,19.50,18.00,18.00,21.00,21.60,18.00,15.00,17.10,21.00,19.50,18.60,22.50,13.50,19.50,18.00,16.50,15.00
V01052,MOXITRAL 500 MG CAJA C/10 TABS,148.00,147.80,103.60,81.40,98.67,81.40,96.20,88.80,88.80,103.60,106.56,88.80,74.00,84.36,103.60,96.20,91.76,111.00,66.60,96.20,88.80,81.40,74.00
V01053,NACOFLAR 15 MG CAJA C/10 TABS,34.00,33.80,23.80,18.70,22.67,18.70,22.10,20.40,20.40,23.80,24.48,20.40,17.00,19.38,23.80,22.10,21.08,25.50,15.30,22.10,20.40,18.70,17.00
V01056,NOGRAINE 100 MG CAJA C/2 TABS,128.54,128.34,89.98,70.70,85.70,70.70,83.55,77.12,77.12,89.98,92.55,77.12,64.27,73.27,89.98,83.55,79.69,96.40,57.84,83.55,77.12,70.70,64.27
V01057,NOGRAINE 50 MG CAJA C/2 TABS,70.13,69.93,49.09,38.57,46.76,38.57,45.58,42.08,42.08,49.09,50.49,42.08,35.07,39.97,49.09,45.58,43.48,52.60,31.56,45.58,42.08,38.57,35.07
V01061,PRANIDOL 20 MG CAJA C/24 TABS,31.00,30.80,21.70,17.05,20.67,17.05,20.15,18.60,18.60,21.70,22.32,18.60,15.50,17.67,21.70,20.15,19.22,23.25,13.95,20.15,18.60,17.05,15.50
V01063,PRIMAZEN 10 MG CAJA C/30 TABS,31.00,30.80,21.70,17.05,20.67,17.05,20.15,18.60,18.60,21.70,22.32,18.60,15.50,17.67,21.70,20.15,19.22,23.25,13.95,20.15,18.60,17.05,15.50
V01065,PRIMAZEN 5 MG CAJA C/30 TABS,24.00,23.80,16.80,13.20,16.00,13.20,15.60,14.40,14.40,16.80,17.28,14.40,12.00,13.68,16.80,15.60,14.88,18.00,10.80,15.60,14.40,13.20,12.00
V01070,SIMLO 10 MG CAJA C/20 TABS,124.84,124.64,87.39,68.66,83.23,68.66,81.14,74.90,74.90,87.39,89.88,74.90,62.42,71.16,87.39,81.14,77.40,93.63,56.18,81.14,74.90,68.66,62.42
V01071,SIMLO 20 MG CAJA C/20 TABS,201.23,201.03,140.86,110.68,134.16,110.68,130.80,120.74,120.74,140.86,144.89,120.74,100.62,114.70,140.86,130.80,124.76,150.92,90.55,130.80,120.74,110.68,100.62
V01072,SONAVIC 550 MG CAJA C/12 TABS,72.00,71.80,50.40,39.60,48.00,39.60,46.80,43.20,43.20,50.40,51.84,43.20,36.00,41.04,50.40,46.80,44.64,54.00,32.40,46.80,43.20,39.60,36.00
V01073,SORIFRAN 30 MG CAJA C/10 CAPS,56.00,55.80,39.20,30.80,37.34,30.80,36.40,33.60,33.60,39.20,40.32,33.60,28.00,31.92,39.20,36.40,34.72,42.00,25.20,36.40,33.60,30.80,28.00
V01074,TOFEL 50/500 MG CAJA C/10 TABS,60.00,59.80,42.00,33.00,40.00,33.00,39.00,36.00,36.00,42.00,43.20,36.00,30.00,34.20,42.00,39.00,37.20,45.00,27.00,39.00,36.00,33.00,30.00
V01078,VICNITE 25 MG CAJA C/20 CAPS,44.00,43.80,30.80,24.20,29.33,24.20,28.60,26.40,26.40,30.80,31.68,26.40,22.00,25.08,30.80,28.60,27.28,33.00,19.80,28.60,26.40,24.20,22.00
V01079,VICNITE 50 MG CAJA C/20 CAPS,64.00,63.80,44.80,35.20,42.67,35.20,41.60,38.40,38.40,44.80,46.08,38.40,32.00,36.48,44.80,41.60,39.68,48.00,28.80,41.60,38.40,35.20,32.00
V01082,VICZEN 600 MG CAJA C/20 TABS,46.00,45.80,32.20,25.30,30.67,25.30,29.90,27.60,27.60,32.20,33.12,27.60,23.00,26.22,32.20,29.90,28.52,34.50,20.70,29.90,27.60,25.30,23.00
V01083,VICZEN 800 MG CAJA C/20 TABS,58.00,57.80,40.60,31.90,38.67,31.90,37.70,34.80,34.80,40.60,41.76,34.80,29.00,33.06,40.60,37.70,35.96,43.50,26.10,37.70,34.80,31.90,29.00
V01085,VIDAXIL 0.250 MG CAJA C/20 TABS,33.44,33.24,23.41,18.39,22.30,18.39,21.74,20.07,20.07,23.41,24.08,20.07,16.72,19.06,23.41,21.74,20.73,25.08,15.05,21.74,20.07,18.39,16.72
V01089,VIZIMOX 500 MG CAJA C/12 CAPS,60.74,60.54,42.52,33.41,40.50,33.41,39.48,36.44,36.44,42.52,43.73,36.44,30.37,34.62,42.52,39.48,37.66,45.56,27.33,39.48,36.44,33.41,30.37
V01092,XIDOR 2 MG CAJA C/24 TABS,138.55,138.35,96.98,76.20,92.37,76.20,90.06,83.13,83.13,96.98,99.75,83.13,69.27,78.97,96.98,90.06,85.90,103.91,62.35,90.06,83.13,76.20,69.27
V01093,XIDOR 4 MG CAJA C/20 TABS,152.88,152.68,107.02,84.08,101.93,84.08,99.37,91.73,91.73,107.02,110.07,91.73,76.44,87.14,107.02,99.37,94.79,114.66,68.80,99.37,91.73,84.08,76.44
V01094,ZUPAREX 20 MG CAJA C/20 CAPS,38.00,37.80,26.60,20.90,25.33,20.90,24.70,22.80,22.80,26.60,27.36,22.80,19.00,21.66,26.60,24.70,23.56,28.50,17.10,24.70,22.80,20.90,19.00
V01095,FLUATRON 150 MG CAJA C/10 CAPS,104.00,103.80,72.80,57.20,69.34,57.20,67.60,62.40,62.40,72.80,74.88,62.40,52.00,59.28,72.80,67.60,64.48,78.00,46.80,67.60,62.40,57.20,52.00
V01098,FLUATRON 100 MG CAJA C/10 CAPS,66.88,66.68,46.82,36.79,44.59,36.79,43.47,40.13,40.13,46.82,48.16,40.13,33.44,38.12,46.82,43.47,41.47,50.16,30.10,43.47,40.13,36.79,33.44
V01101,CLORTORY 500 MG CAJA C/16 TABS,92.00,91.80,64.40,50.60,61.34,50.60,59.80,55.20,55.20,64.40,66.24,55.20,46.00,52.44,64.40,59.80,57.04,69.00,41.40,59.80,55.20,50.60,46.00
V01102,VEROLAK 10 MG CAJA C/10 TABS,30.00,29.80,21.00,16.50,20.00,16.50,19.50,18.00,18.00,21.00,21.60,18.00,15.00,17.10,21.00,19.50,18.60,22.50,13.50,19.50,18.00,16.50,15.00
V01103,FLUATRON 150 MG CAJA C/1 CAP,30.00,29.80,21.00,16.50,20.00,16.50,19.50,18.00,18.00,21.00,21.60,18.00,15.00,17.10,21.00,19.50,18.60,22.50,13.50,19.50,18.00,16.50,15.00
V01105,CLORTORY 500 MG CAJA C/8 TABS,50.00,49.80,35.00,27.50,33.34,27.50,32.50,30.00,30.00,35.00,36.00,30.00,25.00,28.50,35.00,32.50,31.00,37.50,22.50,32.50,30.00,27.50,25.00
V01106,VEROLAK 10 MG CAJA C/20 TABS,56.00,55.80,39.20,30.80,37.34,30.80,36.40,33.60,33.60,39.20,40.32,33.60,28.00,31.92,39.20,36.40,34.72,42.00,25.20,36.40,33.60,30.80,28.00
V01107,VICDOL 500 MG CAJA C/20 TABS,33.67,33.47,23.57,18.52,22.45,18.52,21.88,20.20,20.20,23.57,24.24,20.20,16.83,19.19,23.57,21.88,20.87,25.25,15.15,21.88,20.20,18.52,16.83
V01108,ACORTIZ 25 MG CAJA C/20 TABS,57.33,57.13,40.13,31.53,38.22,31.53,37.26,34.40,34.40,40.13,41.28,34.40,28.67,32.68,40.13,37.26,35.54,43.00,25.80,37.26,34.40,31.53,28.67
V01109,FIXDATER 5 MG CAJA C/30 TABS,105.42,105.22,73.79,57.98,70.28,57.98,68.52,63.25,63.25,73.79,75.90,63.25,52.71,60.09,73.79,68.52,65.36,79.06,47.44,68.52,63.25,57.98,52.71
V01111,LODICAR 5 MG CAJA C/30 TABS,88.11,87.91,61.68,48.46,58.75,48.46,57.27,52.87,52.87,61.68,63.44,52.87,44.06,50.22,61.68,57.27,54.63,66.09,39.65,57.27,52.87,48.46,44.06
V01113,ACORTIZ 50 MG CAJA C/20 TABS,85.99,85.79,60.20,47.30,57.33,47.30,55.90,51.60,51.60,60.20,61.92,51.60,43.00,49.02,60.20,55.90,53.32,64.50,38.70,55.90,51.60,47.30,43.00
V01115,VACTORY 80 MG CAJA C/30 TABS,90.00,89.80,63.00,49.50,60.00,49.50,58.50,54.00,54.00,63.00,64.80,54.00,45.00,51.30,63.00,58.50,55.80,67.50,40.50,58.50,54.00,49.50,45.00
V01120,CIZOLE 20 MG CAJA C/10 CAPS,32.00,31.80,22.40,17.60,21.33,17.60,20.80,19.20,19.20,22.40,23.04,19.20,16.00,18.24,22.40,20.80,19.84,24.00,14.40,20.80,19.20,17.60,16.00
V01121,CIZOLE 20 MG CAJA C/30 CAPS,73.00,72.80,51.10,40.15,48.67,40.15,47.45,43.80,43.80,51.10,52.56,43.80,36.50,41.61,51.10,47.45,45.26,54.75,32.85,47.45,43.80,40.15,36.50
V01123,VIDAXIL 0.125 MG CAJA C/20 TABS,28.00,27.80,19.60,15.40,18.67,15.40,18.20,16.80,16.80,19.60,20.16,16.80,14.00,15.96,19.60,18.20,17.36,21.00,12.60,18.20,16.80,15.40,14.00
V01127,VIZIMOX 500 MG CAJA C/24 CAPS,83.82,83.62,58.67,46.10,55.88,46.10,54.48,50.29,50.29,58.67,60.35,50.29,41.91,47.78,58.67,54.48,51.97,62.87,37.72,54.48,50.29,46.10,41.91
V01128,CIPROTON 40 MG CAJA C/10 TABS,82.00,81.80,57.40,45.10,54.67,45.10,53.30,49.20,49.20,57.40,59.04,49.20,41.00,46.74,57.40,53.30,50.84,61.50,36.90,53.30,49.20,45.10,41.00
V01129,CITRA-50 100 MG CAJA C/10 TABLETAS,73.33,73.13,51.33,40.33,48.89,40.33,47.67,44.00,44.00,51.33,52.80,44.00,36.67,41.80,51.33,47.67,45.47,55.00,33.00,47.67,44.00,40.33,36.67
V01133,VERIMUT 100 MG CAJA C/14 TABS,93.33,93.13,65.33,51.33,62.23,51.33,60.67,56.00,56.00,65.33,67.20,56.00,46.67,53.20,65.33,60.67,57.87,70.00,42.00,60.67,56.00,51.33,46.67
V01149,CAPILLACEOUS 1 MG CAJA C/30TABS,204.17,203.97,142.92,112.29,136.12,112.29,132.71,122.50,122.50,142.92,147.00,122.50,102.08,116.38,142.92,132.71,126.58,153.13,91.88,132.71,122.50,112.29,102.08
V01150,CAPILLACEOUS 1 MG CAJA C/100TABS,408.33,408.13,285.83,224.58,272.24,224.58,265.42,245.00,245.00,285.83,294.00,245.00,204.17,232.75,285.83,265.42,253.17,306.25,183.75,265.42,245.00,224.58,204.17
V02004,ARISTOCILIN 500 MG FRASCO C/48 CAPS,128.99,128.79,92.88,70.95,86.00,86.00,83.85,83.85,77.40,90.30,92.88,77.40,67.08,73.53,103.19,90.30,79.98,96.75,58.05,83.85,77.40,70.95,64.50
V02007,BOMATH 0.1 MG FRASCO C/100 CAPS,150.49,150.29,108.35,82.77,100.33,100.33,97.82,97.82,90.29,105.34,108.35,90.29,78.25,85.78,120.39,105.34,93.30,112.87,67.72,97.82,90.29,82.77,75.25
V02008,BOMATH 0.2 MG FRASCO C/100 TABS,214.99,214.79,154.79,118.24,143.33,143.33,139.74,139.74,128.99,150.49,154.79,128.99,111.79,122.54,171.99,150.49,133.29,161.24,96.74,139.74,128.99,118.24,107.49
V02009,BOMATH 0.3 MG FRASCO C/100 TABS,386.98,386.78,278.62,212.84,258.00,258.00,251.53,251.53,232.19,270.88,278.62,232.19,201.23,220.58,309.58,270.88,239.93,290.23,174.14,251.53,232.19,212.84,193.49
V02010,CAPILLACEOUS 1 MG FRASCO C/30 TABS,150.75,150.55,108.54,82.91,100.50,100.50,97.99,97.99,90.45,105.52,108.54,90.45,78.39,85.93,120.60,105.52,93.46,113.06,67.84,97.99,90.45,82.91,75.37
V02011,CILONAXOL 5/30 MG FRASCO C/30 TABS,95.55,95.35,68.80,52.55,63.70,63.70,62.11,62.11,57.33,66.89,68.80,57.33,49.69,54.46,76.44,66.89,59.24,71.66,43.00,62.11,57.33,52.55,47.78
V02012,CILORA 10 MG FRASCO C/100 TABS,88.67,88.47,63.84,48.77,59.11,59.11,57.63,57.63,53.20,62.07,63.84,53.20,46.11,50.54,70.93,62.07,54.97,66.50,39.90,57.63,53.20,48.77,44.33
V02013,CILORA 10 MG FRASCO C/30 TABS,68.00,67.80,48.96,37.40,45.34,45.34,44.20,44.20,40.80,47.60,48.96,40.80,35.36,38.76,54.40,47.60,42.16,51.00,30.60,44.20,40.80,37.40,34.00
V02021,CLONAFEC 100 MG FRASCO C/120 CAPS,120.00,119.80,86.40,66.00,80.00,80.00,78.00,78.00,72.00,84.00,86.40,72.00,62.40,68.40,96.00,84.00,74.40,90.00,54.00,78.00,72.00,66.00,60.00
V02022,CLONAFEC 100 MG FRASCO C/60 CAPS,57.33,57.13,41.28,31.53,38.22,38.22,37.26,37.26,34.40,40.13,41.28,34.40,29.81,32.68,45.86,40.13,35.54,43.00,25.80,37.26,34.40,31.53,28.67
V02025,CLORIXAN 200 MG FRASCO C/50 TABS,156.00,155.80,112.32,85.80,104.01,104.01,101.40,101.40,93.60,109.20,112.32,93.60,81.12,88.92,124.80,109.20,96.72,117.00,70.20,101.40,93.60,85.80,78.00
V02026,CLORIXAN 400 MG FRASCO C/50 TABS,188.00,187.80,135.36,103.40,125.34,125.34,122.20,122.20,112.80,131.60,135.36,112.80,97.76,107.16,150.40,131.60,116.56,141.00,84.60,122.20,112.80,103.40,94.00
V02027,CLORIXAN 800 MG FRASCO C/50 TABS,314.00,313.80,226.08,172.70,209.34,209.34,204.10,204.10,188.40,219.80,226.08,188.40,163.28,178.98,251.20,219.80,194.68,235.50,141.30,204.10,188.40,172.70,157.00
V02034,DAZOR 100 MG FRASCO C/15 CAPS,128.99,128.79,92.88,70.95,86.00,86.00,83.85,83.85,77.40,90.30,92.88,77.40,67.08,73.53,103.19,90.30,79.98,96.75,58.05,83.85,77.40,70.95,64.50
V02035,DAZOR 100 MG FRASCO C/30 CAPS,245.08,244.88,176.46,134.80,163.40,163.40,159.30,159.30,147.05,171.56,176.46,147.05,127.44,139.70,196.07,171.56,151.95,183.81,110.29,159.30,147.05,134.80,122.54
V02036,DEFLENOL 600 MG FRASCO C/100 TABS,248.00,247.80,178.56,136.40,165.34,165.34,161.20,161.20,148.80,173.60,178.56,148.80,128.96,141.36,198.40,173.60,153.76,186.00,111.60,161.20,148.80,136.40,124.00
V02038,DIPERA 2 MG FRASCO C/20 TABS,27.00,26.80,19.44,14.85,18.00,18.00,17.55,17.55,16.20,18.90,19.44,16.20,14.04,15.39,21.60,18.90,16.74,20.25,12.15,17.55,16.20,14.85,13.50
V02039,DIPERA 2 MG FRASCO C/100 TABS,90.00,89.80,64.80,49.50,60.00,60.00,58.50,58.50,54.00,63.00,64.80,54.00,46.80,51.30,72.00,63.00,55.80,67.50,40.50,58.50,54.00,49.50,45.00
V02054,FLUMEDIL 10 MG FRASCO C/100 TABS,166.00,165.80,119.52,91.30,110.67,110.67,107.90,107.90,99.60,116.20,119.52,99.60,86.32,94.62,132.80,116.20,102.92,124.50,74.70,107.90,99.60,91.30,83.00
V02055,FLUMEDIL 5 MG FRASCO C/100 TABS,132.00,131.80,95.04,72.60,88.00,88.00,85.80,85.80,79.20,92.40,95.04,79.20,68.64,75.24,105.60,92.40,81.84,99.00,59.40,85.80,79.20,72.60,66.00
V02056,INTERNOL 100 MG FRASCO C/100 TABS,96.00,95.80,69.12,52.80,64.00,64.00,62.40,62.40,57.60,67.20,69.12,57.60,49.92,54.72,76.80,67.20,59.52,72.00,43.20,62.40,57.60,52.80,48.00
V02058,INTERNOL 50 MG FRASCO C/100 TABS,80.00,79.80,57.60,44.00,53.34,53.34,52.00,52.00,48.00,56.00,57.60,48.00,41.60,45.60,64.00,56.00,49.60,60.00,36.00,52.00,48.00,44.00,40.00
V02059,IPYROL 25 MG FRASCO C/100 TABS,90.00,89.80,64.80,49.50,60.00,60.00,58.50,58.50,54.00,63.00,64.80,54.00,46.80,51.30,72.00,63.00,55.80,67.50,40.50,58.50,54.00,49.50,45.00
V02060,IPYROL 50 MG FRASCO C/100 TABS,164.00,163.80,118.08,90.20,109.34,109.34,106.60,106.60,98.40,114.80,118.08,98.40,85.28,93.48,131.20,114.80,101.68,123.00,73.80,106.60,98.40,90.20,82.00
V02061,KEPLOZOL 200 MG FRASCO C/30 TABS,152.00,151.80,109.44,83.60,101.34,101.34,98.80,98.80,91.20,106.40,109.44,91.20,79.04,86.64,121.60,106.40,94.24,114.00,68.40,98.80,91.20,83.60,76.00
V02062,KEPLOZOL 200 MG FRASCO C/50 TABS,220.00,219.80,158.40,121.00,146.67,146.67,143.00,143.00,132.00,154.00,158.40,132.00,114.40,125.40,176.00,154.00,136.40,165.00,99.00,143.00,132.00,121.00,110.00
V02064,LAWAZIN 5 MG FRASCO C/100 TABS,72.00,71.80,51.84,39.60,48.00,48.00,46.80,46.80,43.20,50.40,51.84,43.20,37.44,41.04,57.60,50.40,44.64,54.00,32.40,46.80,43.20,39.60,36.00
V02068,MEVICFOR 500 MG FRASCO C/100 TABS,102.00,101.80,73.44,56.10,68.00,68.00,66.30,66.30,61.20,71.40,73.44,61.20,53.04,58.14,81.60,71.40,63.24,76.50,45.90,66.30,61.20,56.10,51.00
V02069,MEVICFOR 850 MG FRASCO C/30 TABS,52.55,52.35,37.84,28.90,35.04,35.04,34.16,34.16,31.53,36.79,37.84,31.53,27.33,29.96,42.04,36.79,32.58,39.42,23.65,34.16,31.53,28.90,26.28
V02070,MEVICFOR 850 MG FRASCO C/50 TABS,82.00,81.80,59.04,45.10,54.67,54.67,53.30,53.30,49.20,57.40,59.04,49.20,42.64,46.74,65.60,57.40,50.84,61.50,36.90,53.30,49.20,45.10,41.00
V02071,MEZELOL 100 MG FRASCO C/100 TABS,94.00,93.80,67.68,51.70,62.67,62.67,61.10,61.10,56.40,65.80,67.68,56.40,48.88,53.58,75.20,65.80,58.28,70.50,42.30,61.10,56.40,51.70,47.00
V02073,MEZELOL 50 MG FRASCO C/100 TABS,68.00,67.80,48.96,37.40,45.34,45.34,44.20,44.20,40.80,47.60,48.96,40.80,35.36,38.76,54.40,47.60,42.16,51.00,30.60,44.20,40.80,37.40,34.00
V02074,MOXITRAL 500 MG FRASCO C/30 TABS,290.00,289.80,208.80,159.50,193.34,193.34,188.50,188.50,174.00,203.00,208.80,174.00,150.80,165.30,232.00,203.00,179.80,217.50,130.50,188.50,174.00,159.50,145.00
V02075,NACOFLAR 15 MG FRASCO C/50 TABS,150.49,150.29,108.35,82.77,100.33,100.33,97.82,97.82,90.29,105.34,108.35,90.29,78.25,85.78,120.39,105.34,93.30,112.87,67.72,97.82,90.29,82.77,75.25
V02077,NOGRAINE 100 MG FRASCO C/5 TABS,248.43,248.23,178.87,136.64,165.63,165.63,161.48,161.48,149.06,173.90,178.87,149.06,129.18,141.61,198.74,173.90,154.03,186.32,111.79,161.48,149.06,136.64,124.22
V02078,NOGRAINE 50 MG FRASCO C/4 TABS,126.60,126.40,91.15,69.63,84.41,84.41,82.29,82.29,75.96,88.62,91.15,75.96,65.83,72.16,101.28,88.62,78.49,94.95,56.97,82.29,75.96,69.63,63.30
V02079,NOGRAINE 50 MG FRASCO C/8 TABS,248.43,248.23,178.87,136.64,165.63,165.63,161.48,161.48,149.06,173.90,178.87,149.06,129.18,141.61,198.74,173.90,154.03,186.32,111.79,161.48,149.06,136.64,124.22
V02081,PRANIDOL 20 MG FRASCO C/100 TABS,78.00,77.80,56.16,42.90,52.00,52.00,50.70,50.70,46.80,54.60,56.16,46.80,40.56,44.46,62.40,54.60,48.36,58.50,35.10,50.70,46.80,42.90,39.00
V02082,PRANIDOL 40 MG FRASCO C/100 TABS,156.00,155.80,112.32,85.80,104.01,104.01,101.40,101.40,93.60,109.20,112.32,93.60,81.12,88.92,124.80,109.20,96.72,117.00,70.20,101.40,93.60,85.80,78.00
V02084,PRANIDOL 80 MG FRASCO C/100 TABS,232.00,231.80,167.04,127.60,154.67,154.67,150.80,150.80,139.20,162.40,167.04,139.20,120.64,132.24,185.60,162.40,143.84,174.00,104.40,150.80,139.20,127.60,116.00
V02085,PRIMAZEN 10 MG FRASCO C/100 TABS,96.00,95.80,69.12,52.80,64.00,64.00,62.40,62.40,57.60,67.20,69.12,57.60,49.92,54.72,76.80,67.20,59.52,72.00,43.20,62.40,57.60,52.80,48.00
V02087,PRIMAZEN 20 MG FRASCO C/100 TABS,140.00,139.80,100.80,77.00,93.34,93.34,91.00,91.00,84.00,98.00,100.80,84.00,72.80,79.80,112.00,98.00,86.80,105.00,63.00,91.00,84.00,77.00,70.00
V02088,PRIMAZEN 5 MG FRASCO C/100 TABS,191.33,191.13,137.76,105.23,127.56,127.56,124.37,124.37,114.80,133.93,137.76,114.80,99.49,109.06,153.07,133.93,118.63,143.50,86.10,124.37,114.80,105.23,95.67
V02096,SIMLO 10 MG FRASCO C/50 TABS,157.66,157.46,113.51,86.71,105.11,105.11,102.48,102.48,94.59,110.36,113.51,94.59,81.98,89.86,126.13,110.36,97.75,118.24,70.95,102.48,94.59,86.71,78.83
V02097,SIMLO 20 MG FRASCO C/50 TABS,200.65,200.45,144.47,110.36,133.78,133.78,130.42,130.42,120.39,140.46,144.47,120.39,104.34,114.37,160.52,140.46,124.41,150.49,90.29,130.42,120.39,110.36,100.33
V02098,SIMLO 40 MG FRASCO C/30 TABS,229.32,229.12,165.11,126.13,152.89,152.89,149.06,149.06,137.59,160.52,165.11,137.59,119.25,130.71,183.46,160.52,142.18,171.99,103.19,149.06,137.59,126.13,114.66
V02099,SIMLO 80 MG FRASCO C/30 TABS,248.43,248.23,178.87,136.64,165.63,165.63,161.48,161.48,149.06,173.90,178.87,149.06,129.18,141.61,198.74,173.90,154.03,186.32,111.79,161.48,149.06,136.64,124.22
V02100,SONAVIC 550 MG FRASCO C/100 TABS,304.00,303.80,218.88,167.20,202.68,202.68,197.60,197.60,182.40,212.80,218.88,182.40,158.08,173.28,243.20,212.80,188.48,228.00,136.80,197.60,182.40,167.20,152.00
V02101,SONAVIC 550 MG FRASCO C/50 TABS,180.00,179.80,129.60,99.00,120.01,120.01,117.00,117.00,108.00,126.00,129.60,108.00,93.60,102.60,144.00,126.00,111.60,135.00,81.00,117.00,108.00,99.00,90.00
V02102,SORIFRAN 30 MG FRASCO C/56 CAPS,200.65,200.45,144.47,110.36,133.78,133.78,130.42,130.42,120.39,140.46,144.47,120.39,104.34,114.37,160.52,140.46,124.41,150.49,90.29,130.42,120.39,110.36,100.33
V02103,TOFEL 50/500 MG FRASCO C/30 TABS,120.00,119.80,86.40,66.00,80.00,80.00,78.00,78.00,72.00,84.00,86.40,72.00,62.40,68.40,96.00,84.00,74.40,90.00,54.00,78.00,72.00,66.00,60.00
V02106,VICNITE 25 MG FRASCO C/100 CAPS,167.00,166.80,120.24,91.85,111.34,111.34,108.55,108.55,100.20,116.90,120.24,100.20,86.84,95.19,133.60,116.90,103.54,125.25,75.15,108.55,100.20,91.85,83.50
V02107,VICNITE 50 MG FRASCO C/100 CAPS,120.00,119.80,86.40,66.00,80.00,80.00,78.00,78.00,72.00,84.00,86.40,72.00,62.40,68.40,96.00,84.00,74.40,90.00,54.00,78.00,72.00,66.00,60.00
V02108,VICSEL 20 MG FRASCO C/100 CAPS,146.30,146.10,105.34,80.47,97.54,97.54,95.10,95.10,87.78,102.41,105.34,87.78,76.08,83.39,117.04,102.41,90.71,109.73,65.84,95.10,87.78,80.47,73.15
V02109,VICZEN 600 MG FRASCO C/100 TABS,176.00,175.80,126.72,96.80,117.34,117.34,114.40,114.40,105.60,123.20,126.72,105.60,91.52,100.32,140.80,123.20,109.12,132.00,79.20,114.40,105.60,96.80,88.00
V02110,VICZEN 800 MG FRASCO C/100 TABS,216.00,215.80,155.52,118.80,144.01,144.01,140.40,140.40,129.60,151.20,155.52,129.60,112.32,123.12,172.80,151.20,133.92,162.00,97.20,140.40,129.60,118.80,108.00
V02112,VIDAXIL 0.250 MG FRASCO C/100 TABS,150.49,150.29,108.35,82.77,100.33,100.33,97.82,97.82,90.29,105.34,108.35,90.29,78.25,85.78,120.39,105.34,93.30,112.87,67.72,97.82,90.29,82.77,75.25
V02114,VIDAXIL 0.125 MG FRASCO C/100 TABS,110.00,109.80,79.20,60.50,73.34,73.34,71.50,71.50,66.00,77.00,79.20,66.00,57.20,62.70,88.00,77.00,68.20,82.50,49.50,71.50,66.00,60.50,55.00
V02118,VIZIMOX 500 MG FRASCO C/48 CAPS,172.06,171.86,123.88,94.63,114.71,114.71,111.84,111.84,103.24,120.44,123.88,103.24,89.47,98.07,137.65,120.44,106.68,129.05,77.43,111.84,103.24,94.63,86.03
V02119,XIDOR 2 MG FRASCO C/100 TABS,143.32,143.12,103.19,78.83,95.55,95.55,93.16,93.16,85.99,100.33,103.19,85.99,74.53,81.69,114.66,100.33,88.86,107.49,64.50,93.16,85.99,78.83,71.66
V02122,ZUPAREX 20 MG FRASCO C/100 CAPS,128.00,127.80,92.16,70.40,85.34,85.34,83.20,83.20,76.80,89.60,92.16,76.80,66.56,72.96,102.40,89.60,79.36,96.00,57.60,83.20,76.80,70.40,64.00
V02124,XIDOR 4 MG FRASCO C/100 TABS,257.98,257.78,185.75,141.89,172.00,172.00,167.69,167.69,154.79,180.59,185.75,154.79,134.15,147.05,206.39,180.59,159.95,193.49,116.09,167.69,154.79,141.89,128.99
V02126,MOXITRAL 500 MG FRASCO C/20 TABS,180.00,179.80,129.60,99.00,120.01,120.01,117.00,117.00,108.00,126.00,129.60,108.00,93.60,102.60,144.00,126.00,111.60,135.00,81.00,117.00,108.00,99.00,90.00
V02127,ARISTOCILIN 500 MG FRASCO C/28 PZAS,85.99,85.79,61.92,47.30,57.33,57.33,55.90,55.90,51.60,60.20,61.92,51.60,44.72,49.02,68.79,60.20,53.32,64.50,38.70,55.90,51.60,47.30,43.00
V02131,SIMLO 20 MG FRASCO C/30 TABS,118.28,118.08,85.16,65.05,78.86,78.86,76.88,76.88,70.97,82.79,85.16,70.97,61.50,67.42,94.62,82.79,73.33,88.71,53.22,76.88,70.97,65.05,59.14
V02133,TOFEL (AR) 50/500 MG FRASCO C/100 TABS,229.32,229.12,165.11,126.13,152.89,152.89,149.06,149.06,137.59,160.52,165.11,137.59,119.25,130.71,183.46,160.52,142.18,171.99,103.19,149.06,137.59,126.13,114.66
V02135,VEROLAK (VZ) 10 MG FRASCO C/100 TABS,294.00,293.80,211.68,161.70,196.01,196.01,191.10,191.10,176.40,205.80,211.68,176.40,152.88,167.58,235.20,205.80,182.28,220.50,132.30,191.10,176.40,161.70,147.00
V02138,CLORTORY 500 MG FRASCO C/20 TABS,102.00,101.80,73.44,56.10,68.00,68.00,66.30,66.30,61.20,71.40,73.44,61.20,53.04,58.14,81.60,71.40,63.24,76.50,45.90,66.30,61.20,56.10,51.00
V02139,VEROLAK 10 MG FRASCO C/50 TABS,120.39,120.19,86.68,66.22,80.27,80.27,78.26,78.26,72.24,84.28,86.68,72.24,62.60,68.62,96.31,84.28,74.64,90.30,54.18,78.26,72.24,66.22,60.20
V02140,CLORTORY 500 MG FRASCO C/100 TABS,332.00,331.80,239.04,182.60,221.34,221.34,215.80,215.80,199.20,232.40,239.04,199.20,172.64,189.24,265.60,232.40,205.84,249.00,149.40,215.80,199.20,182.60,166.00
V02141,VICDOL 500 MG FRASCO C/50 TABS,74.00,73.80,53.28,40.70,49.34,49.34,48.10,48.10,44.40,51.80,53.28,44.40,38.48,42.18,59.20,51.80,45.88,55.50,33.30,48.10,44.40,40.70,37.00
V02143,CLORTORY 500 MG FRASCO C/28 TABS,116.00,115.80,83.52,63.80,77.34,77.34,75.40,75.40,69.60,81.20,83.52,69.60,60.32,66.12,92.80,81.20,71.92,87.00,52.20,75.40,69.60,63.80,58.00
V02145,FLUATRON 150 MG FRASCO C/15 CAPS,143.32,143.12,103.19,78.83,95.55,95.55,93.16,93.16,85.99,100.33,103.19,85.99,74.53,81.69,114.66,100.33,88.86,107.49,64.50,93.16,85.99,78.83,71.66
V02146,FLUATRON 150 MG FRASCO C/30 CAPS,225.42,225.22,162.30,123.98,150.29,150.29,146.53,146.53,135.25,157.80,162.30,135.25,117.22,128.49,180.34,157.80,139.76,169.07,101.44,146.53,135.25,123.98,112.71
V02147,CLORTORY 500 MG FRASCO C/60 TABS,222.00,221.80,159.84,122.10,148.01,148.01,144.30,144.30,133.20,155.40,159.84,133.20,115.44,126.54,177.60,155.40,137.64,166.50,99.90,144.30,133.20,122.10,111.00
V02153,SIMLO 20 MG FRASCO C/14 TABS,55.66,55.46,40.08,30.61,37.11,37.11,36.18,36.18,33.40,38.96,40.08,33.40,28.94,31.73,44.53,38.96,34.51,41.75,25.05,36.18,33.40,30.61,27.83
V02158,LODICAR 5 MG FRASCO C/30 TABS,88.11,87.91,63.44,48.46,58.75,58.75,57.27,57.27,52.87,61.68,63.44,52.87,45.82,50.22,70.49,61.68,54.63,66.09,39.65,57.27,52.87,48.46,44.06
V02159,LODICAR 5 MG FRASCO C/60 TABS,157.70,157.50,113.55,86.74,105.14,105.14,102.51,102.51,94.62,110.39,113.55,94.62,82.01,89.89,126.16,110.39,97.78,118.28,70.97,102.51,94.62,86.74,78.85
V02160,ACORTIZ 25 MG FRASCO C/100 TABS,76.44,76.24,55.04,42.04,50.96,50.96,49.69,49.69,45.86,53.51,55.04,45.86,39.75,43.57,61.15,53.51,47.39,57.33,34.40,49.69,45.86,42.04,38.22
V02161,ACORTIZ 25 MG FRASCO C/20 TABS,57.33,57.13,41.28,31.53,38.22,38.22,37.26,37.26,34.40,40.13,41.28,34.40,29.81,32.68,45.86,40.13,35.54,43.00,25.80,37.26,34.40,31.53,28.67
V02164,CIZOLE 20 MG FRASCO C/28 CAPS,39.60,39.40,28.51,21.78,26.40,26.40,25.74,25.74,23.76,27.72,28.51,23.76,20.59,22.57,31.68,27.72,24.55,29.70,17.82,25.74,23.76,21.78,19.80
V02165,ACORTIZ 50 MG FRASCO C/100 TABS,114.66,114.46,82.56,63.06,76.44,76.44,74.53,74.53,68.80,80.26,82.56,68.80,59.62,65.36,91.73,80.26,71.09,86.00,51.60,74.53,68.80,63.06,57.33
V02175,CIPROTON 40 MG FRASCO C/30 TABS,218.00,217.80,156.96,119.90,145.34,145.34,141.70,141.70,130.80,152.60,156.96,130.80,113.36,124.26,174.40,152.60,135.16,163.50,98.10,141.70,130.80,119.90,109.00
V02176,CIZOLE 20 MG FRASCO C/60 CAPS,74.53,74.33,53.66,40.99,49.69,49.69,48.44,48.44,44.72,52.17,53.66,44.72,38.76,42.48,59.62,52.17,46.21,55.90,33.54,48.44,44.72,40.99,37.27
V02177,CIZOLE C/14+14  20 MG CAJA C/2 FCO,68.00,67.80,48.96,37.40,45.34,45.34,44.20,44.20,40.80,47.60,48.96,40.80,35.36,38.76,54.40,47.60,42.16,51.00,30.60,44.20,40.80,37.40,34.00
V02179,LAWAZIN 5 MG FRASCO C/30 UNID,33.00,32.80,23.76,18.15,22.00,22.00,21.45,21.45,19.80,23.10,23.76,19.80,17.16,18.81,26.40,23.10,20.46,24.75,14.85,21.45,19.80,18.15,16.50
V02181,CIZOLE C/60+60 20 MG CAJA C/2 FCO,128.99,128.79,92.88,70.95,86.00,86.00,83.85,83.85,77.40,90.30,92.88,77.40,67.08,73.53,103.19,90.30,79.98,96.75,58.05,83.85,77.40,70.95,64.50
V02182,CIZOLE 20 MG FRASCO C/120 CAPS,114.66,114.46,82.56,63.06,76.44,76.44,74.53,74.53,68.80,80.26,82.56,68.80,59.62,65.36,91.73,80.26,71.09,86.00,51.60,74.53,68.80,63.06,57.33
V02185,CIGREF 1 MG FRASCO C/25 TABS,143.33,143.13,103.20,78.83,95.56,95.56,93.17,93.17,86.00,100.33,103.20,86.00,74.53,81.70,114.67,100.33,88.87,107.50,64.50,93.17,86.00,78.83,71.67
V02190,CITRA-50  50 MG FRASCO C/50 TABS,130.00,129.80,93.60,71.50,86.67,86.67,84.50,84.50,78.00,91.00,93.60,78.00,67.60,74.10,104.00,91.00,80.60,97.50,58.50,84.50,78.00,71.50,65.00
V02191,ZINOTRAM 500 MG FRASCO/3 TABS,55.33,55.13,39.84,30.43,36.89,36.89,35.97,35.97,33.20,38.73,39.84,33.20,28.77,31.54,44.27,38.73,34.31,41.50,24.90,35.97,33.20,30.43,27.67
V02192,ZINOTRAM 500 MG FRASCO/6 TABS,98.33,98.13,70.80,54.08,65.56,65.56,63.92,63.92,59.00,68.83,70.80,59.00,51.13,56.05,78.67,68.83,60.97,73.75,44.25,63.92,59.00,54.08,49.17
V02193,ZINOTRAM 500 MG FRASCO/9 TABS,132.00,131.80,95.04,72.60,88.00,88.00,85.80,85.80,79.20,92.40,95.04,79.20,68.64,75.24,105.60,92.40,81.84,99.00,59.40,85.80,79.20,72.60,66.00
V02194,PRIMAZEN 20 MG FRASCO C/30 TABS,80.00,79.80,57.60,44.00,53.34,53.34,52.00,52.00,48.00,56.00,57.60,48.00,41.60,45.60,64.00,56.00,49.60,60.00,36.00,52.00,48.00,44.00,40.00
V02195,FLUMEDIL 5 MG FRASCO C/30 TABS,44.00,43.80,31.68,24.20,29.33,29.33,28.60,28.60,26.40,30.80,31.68,26.40,22.88,25.08,35.20,30.80,27.28,33.00,19.80,28.60,26.40,24.20,22.00
V02206,CAPILLACEOUS 1 MG FRASCO C/100 TABS,376.67,376.47,271.20,207.17,251.12,251.12,244.83,244.83,226.00,263.67,271.20,226.00,195.87,214.70,301.33,263.67,233.53,282.50,169.50,244.83,226.00,207.17,188.33
V02220,FIXDATER 5 MG FRASCO C/100 MG,274.00,273.80,197.28,150.70,182.68,182.68,178.10,178.10,164.40,191.80,197.28,164.40,142.48,156.18,219.20,191.80,169.88,205.50,123.30,178.10,164.40,150.70,137.00
V02222,VIZIMOX 500 MG FRASCO C/30 CAPS,112.14,111.94,80.74,61.68,74.76,74.76,72.89,72.89,67.28,78.50,80.74,67.28,58.31,63.92,89.71,78.50,69.53,84.11,50.46,72.89,67.28,61.68,56.07
V02229,CITRA-50 100 MG FRASCO C/60+60 CAJA C/2 FRASCOS,434.32,434.12,312.71,238.87,289.56,289.56,282.31,282.31,260.59,304.02,312.71,260.59,225.84,247.56,347.45,304.02,269.28,325.74,195.44,282.31,260.59,238.87,217.16
V02233,VERIMUT 100 MG FRASCO C/42 TABS,318.33,318.13,229.20,175.08,212.23,212.23,206.92,206.92,191.00,222.83,229.20,191.00,165.53,181.45,254.67,222.83,197.37,238.75,143.25,206.92,191.00,175.08,159.17
V02236,CITRA-50 100 MG FRASCO C/60 TABLETAS,220.00,219.80,158.40,121.00,146.67,146.67,143.00,143.00,132.00,154.00,158.40,132.00,114.40,125.40,176.00,154.00,136.40,165.00,99.00,143.00,132.00,121.00,110.00
V02246,CARBAMAZEPINA 400 MG FRASCO C/20 TABS,98.23,98.03,70.73,54.03,65.49,65.49,63.85,63.85,58.94,68.76,70.73,58.94,51.08,55.99,78.58,68.76,60.90,73.67,44.20,63.85,58.94,54.03,49.12